ID,"First Name","Last Name",Email
1,James,Brown,jbrown@email.com
2,Susan,Johnson,sjohnson@email.com
3,Nora,Little,nlittle@email.com
4,Richard,Miller,rmiller@email.com
5,Charles,Taylor,ctaylor@email.com
6,Anthony,White,awhite@email.com
7,Barbara,Smith,bsmith@email.com
8,Kimberly,Hill,khill@email.com
9,Mark,Nelson,mnelson@email.com
10,Nancy,Edwards,nedwards@email.com
